<Configuration ID="72968c3d-e686-427e-86cd-d810d66d9cb1">
  <Info Description="" />
  <Add OfficeClientEdition="64" Channel="MonthlyEnterprise" MigrateArch="TRUE">
    <Product ID="O365ProPlusRetail">
      <Language ID="en-us" />
      <Language ID="MatchPreviousMSI" />
      <ExcludeApp ID="Groove" />
      <ExcludeApp ID="Bing" />
    </Product>
    <Product ID="LanguagePack">
      <Language ID="en-us" />
      <Language ID="MatchPreviousMSI" />
      <ExcludeApp ID="Bing" />
    </Product>
    <Product ID="ProofingTools">
      <Language ID="en-us" />
      <Language ID="nb-no" />
      <Language ID="nn-no" />
    </Product>
  </Add>
  <Property Name="SharedComputerLicensing" Value="0" />
  <Property Name="SCLCacheOverride" Value="0" />
  <Property Name="AUTOACTIVATE" Value="0" />
  <Property Name="FORCEAPPSHUTDOWN" Value="True" />
  <Property Name="DeviceBasedLicensing" Value="0" />
  <Updates Enabled="TRUE" />
  <RemoveMSI />
  <AppSettings>
    <Setup Name="Company" Value="Equinor ASA" />
    <User Key="software\microsoft\office\16.0\excel\options" Name="defaultformat" Value="51" Type="REG_DWORD" App="excel16" Id="L_SaveExcelfilesas" />
    <User Key="software\microsoft\office\16.0\powerpoint\options" Name="defaultformat" Value="27" Type="REG_DWORD" App="ppt16" Id="L_SavePowerPointfilesas" />
    <User Key="software\microsoft\office\16.0\word\options" Name="defaultformat" Value="" Type="REG_SZ" App="word16" Id="L_SaveWordfilesas" />
  </AppSettings>
  <Display Level="None" AcceptEULA="TRUE" />
</Configuration>