{
    "VCRedist": [
        {
            "DisplayName": "Visual C++ 2008 Service Pack 1 Redistributable Package MFC Security Update",
            "URL": "https://download.microsoft.com/download/5/D/8/5D8C65CB-C849-4025-8E95-C3966CAFD8AE/vcredist_x64.exe",
            "FileName": "vcredist_x64.exe",
            "Version": "2008",
            "Architecture": "x64",
            "Parameters": "/Q"
        },
        {
            "DisplayName": "Visual C++ 2008 Service Pack 1 Redistributable Package MFC Security Update",
            "URL": "https://download.microsoft.com/download/5/D/8/5D8C65CB-C849-4025-8E95-C3966CAFD8AE/vcredist_x86.exe",
            "FileName": "vcredist_x86.exe",
            "Version": "2008",
            "Architecture": "x86",
            "Parameters": "/Q"
        },
        {
            "DisplayName": "Visual C++ 2010 Service Pack 1 Redistributable Package MFC Security Update",
            "URL": "https://download.microsoft.com/download/1/6/5/165255E7-1014-4D0A-B094-B6A430A6BFFC/vcredist_x64.exe",
            "FileName": "vcredist_x64.exe",
            "Version": "2010",
            "Architecture": "x64",
            "Parameters": "/quiet /norestart"
        },
        {
            "DisplayName": "Visual C++ 2010 Service Pack 1 Redistributable Package MFC Security Update",
            "URL": "https://download.microsoft.com/download/1/6/5/165255E7-1014-4D0A-B094-B6A430A6BFFC/vcredist_x86.exe",
            "FileName": "vcredist_x86.exe",
            "Version": "2010",
            "Architecture": "x86",
            "Parameters": "/quiet /norestart"
        },
        {
            "DisplayName": "Visual C++ Redistributable for Visual Studio 2012 Update 4",
            "URL": "https://download.microsoft.com/download/1/6/B/16B06F60-3B20-4FF2-B699-5E9B7962F9AE/VSU_4/vcredist_x64.exe",
            "FileName": "vcredist_x64.exe",
            "Version": "2012",
            "Architecture": "x64",
            "Parameters": "/quiet /norestart"
        },
        {
            "DisplayName": "Visual C++ Redistributable for Visual Studio 2012 Update 4",
            "URL": "https://download.microsoft.com/download/1/6/B/16B06F60-3B20-4FF2-B699-5E9B7962F9AE/VSU_4/vcredist_x86.exe",
            "FileName": "vcredist_x86.exe",
            "Version": "2012",
            "Architecture": "x86",
            "Parameters": "/install /quiet /norestart"
        },
        {
            "DisplayName": "Visual C++ 2013 Update 5 Redistributable Package",
            "URL": "https://download.visualstudio.microsoft.com/download/pr/10912041/cee5d6bca2ddbcd039da727bf4acb48a/vcredist_x64.exe",
            "FileName": "vcredist_x64.exe",
            "Version": "2013",
            "Architecture": "x64",
            "Parameters": "/install /quiet /norestart"
        },
        {
            "DisplayName": "Visual C++ 2013 Update 5 Redistributable Package",
            "URL": "https://download.visualstudio.microsoft.com/download/pr/10912113/5da66ddebb0ad32ebd4b922fd82e8e25/vcredist_x86.exe",
            "FileName": "vcredist_x86.exe",
            "Version": "2013",
            "Architecture": "x86",
            "Parameters": "/install /quiet /norestart"
        },
        {
            "DisplayName": "Visual C++ Redistributable for Visual Studio 2015-2019",
            "URL": "https://aka.ms/vs/16/release/vc_redist.x64.exe",
            "FileName": "vc_redist.x64.exe",
            "Version": "2015-2019",
            "Architecture": "x64",
            "Parameters": "/install /quiet /norestart"
        },
        {
            "DisplayName": "Visual C++ Redistributable for Visual Studio 2015-2019",
            "URL": "https://aka.ms/vs/16/release/vc_redist.x86.exe",
            "FileName": "vc_redist.x86.exe",
            "Version": "2015-2019",
            "Architecture": "x86",
            "Parameters": "/install /quiet /norestart"
        }
    ]
}