{
  "$schema": "https://schema.management.azure.com/schemas/2019-04-01/deploymentTemplate.json#",
  "contentVersion": "1.0.0.0",
  "metadata": {
    "_generator": {
      "name": "bicep",
      "version": "0.4.1124.51302",
      "templateHash": "9233382603265457021"
    }
  },
  "parameters": {
    "FunctionAppName": {
      "type": "string",
      "metadata": {
        "description": "Provide a name for the Function App that consists of alphanumerics. Name must be globally unique in Azure and cannot start or end with a hyphen."
      }
    },
    "FunctionAppServicePlanSKU": {
      "type": "string",
      "defaultValue": "Y1",
      "metadata": {
        "description": "Select the desired App Service Plan of the Function App. Select Y1 for free consumption based deployment."
      },
      "allowedValues": [
        "Y1",
        "EP1",
        "EP2",
        "EP3"
      ]
    },
    "KeyVaultName": {
      "type": "string",
      "metadata": {
        "description": "Provide a name for the Key Vault. Name must be globally unique in Azure and between 3-24 characters, containing only 0-9, a-z, A-Z, and - characters."
      },
      "maxLength": 24,
      "minLength": 3
    },
    "LogAnalyticsWorkspaceName": {
      "type": "string",
      "metadata": {
        "description": "Provide the name of the existing Log Analytics workspace that has your Intune Diagnostics/Inventory logs."
      }
    },
    "LogAnalyticsResourceGroup": {
      "type": "string",
      "metadata": {
        "description": "Provide the name of the resource group for your excisting Intune Log Analytics Workspace"
      }
    },
    "Tags": {
      "type": "object",
      "defaultValue": {},
      "metadata": {
        "description": "Provide any tags required by your organization (optional)"
      }
    }
  },
  "variables": {
    "UniqueString": "[uniqueString(resourceGroup().id)]",
    "FunctionAppNameNoDash": "[replace(parameters('FunctionAppName'), '-', '')]",
    "FunctionAppNameNoDashUnderScore": "[replace(variables('FunctionAppNameNoDash'), '_', '')]",
    "StorageAccountName": "[toLower(format('{0}{1}sa', take(variables('FunctionAppNameNoDashUnderScore'), 17), take(variables('UniqueString'), 5)))]",
    "FunctionAppServicePlanName": "[format('{0}-fa-plan', parameters('FunctionAppName'))]",
    "FunctionAppInsightsName": "[format('{0}-fa-ai', parameters('FunctionAppName'))]"
  },
  "resources": [
    {
      "type": "Microsoft.KeyVault/vaults/secrets",
      "apiVersion": "2019-09-01",
      "name": "[format('{0}/{1}', parameters('KeyVaultName'), 'WorkSpaceID')]",
      "properties": {
        "value": "[reference(extensionResourceId(format('/subscriptions/{0}/resourceGroups/{1}', subscription().subscriptionId, parameters('LogAnalyticsResourceGroup')), 'Microsoft.OperationalInsights/workspaces', parameters('LogAnalyticsWorkspaceName')), '2020-10-01').customerId]"
      },
      "dependsOn": [
        "[resourceId('Microsoft.KeyVault/vaults', parameters('KeyVaultName'))]"
      ]
    },
    {
      "type": "Microsoft.KeyVault/vaults/secrets",
      "apiVersion": "2019-09-01",
      "name": "[format('{0}/{1}', parameters('KeyVaultName'), 'SharedKey')]",
      "properties": {
        "value": "[listKeys(extensionResourceId(format('/subscriptions/{0}/resourceGroups/{1}', subscription().subscriptionId, parameters('LogAnalyticsResourceGroup')), 'Microsoft.OperationalInsights/workspaces', parameters('LogAnalyticsWorkspaceName')), '2020-10-01').primarySharedKey]"
      },
      "dependsOn": [
        "[resourceId('Microsoft.KeyVault/vaults', parameters('KeyVaultName'))]"
      ]
    },
    {
      "type": "Microsoft.Storage/storageAccounts",
      "apiVersion": "2021-02-01",
      "name": "[variables('StorageAccountName')]",
      "location": "[resourceGroup().location]",
      "kind": "StorageV2",
      "sku": {
        "name": "Standard_LRS"
      },
      "properties": {
        "supportsHttpsTrafficOnly": true,
        "accessTier": "Hot",
        "allowBlobPublicAccess": false,
        "minimumTlsVersion": "TLS1_2",
        "allowSharedKeyAccess": true
      },
      "tags": "[parameters('Tags')]"
    },
    {
      "type": "Microsoft.Web/serverfarms",
      "apiVersion": "2021-01-15",
      "name": "[variables('FunctionAppServicePlanName')]",
      "location": "[resourceGroup().location]",
      "kind": "Windows",
      "sku": {
        "name": "[parameters('FunctionAppServicePlanSKU')]"
      },
      "tags": "[parameters('Tags')]"
    },
    {
      "type": "Microsoft.Insights/components",
      "apiVersion": "2020-02-02-preview",
      "name": "[variables('FunctionAppInsightsName')]",
      "location": "[resourceGroup().location]",
      "kind": "web",
      "properties": {
        "Application_Type": "web"
      },
      "tags": "[union(parameters('Tags'), createObject(format('hidden-link:{0}', resourceId('Microsoft.Web/sites', variables('FunctionAppInsightsName'))), 'Resource'))]"
    },
    {
      "type": "Microsoft.Web/sites",
      "apiVersion": "2020-12-01",
      "name": "[parameters('FunctionAppName')]",
      "location": "[resourceGroup().location]",
      "kind": "functionapp",
      "identity": {
        "type": "SystemAssigned"
      },
      "properties": {
        "serverFarmId": "[resourceId('Microsoft.Web/serverfarms', variables('FunctionAppServicePlanName'))]",
        "containerSize": 1536,
        "httpsOnly": true,
        "siteConfig": {
          "ftpsState": "Disabled",
          "minTlsVersion": "1.2",
          "powerShellVersion": "~7",
          "scmType": "None",
          "appSettings": [
            {
              "name": "AzureWebJobsStorage",
              "value": "[format('DefaultEndpointsProtocol=https;AccountName={0};AccountKey={1}', variables('StorageAccountName'), listKeys(resourceId('Microsoft.Storage/storageAccounts', variables('StorageAccountName')), '2021-02-01').keys[0].value)]"
            },
            {
              "name": "WEBSITE_CONTENTAZUREFILECONNECTIONSTRING",
              "value": "[format('DefaultEndpointsProtocol=https;AccountName={0};AccountKey={1}', variables('StorageAccountName'), listKeys(resourceId('Microsoft.Storage/storageAccounts', variables('StorageAccountName')), '2021-02-01').keys[0].value)]"
            },
            {
              "name": "WEBSITE_CONTENTSHARE",
              "value": "[toLower('LogAnalyticsAPI')]"
            },
            {
              "name": "WEBSITE_RUN_FROM_PACKAGE",
              "value": "1"
            },
            {
              "name": "AzureWebJobsDisableHomepage",
              "value": "true"
            },
            {
              "name": "FUNCTIONS_EXTENSION_VERSION",
              "value": "~3"
            },
            {
              "name": "FUNCTIONS_WORKER_PROCESS_COUNT",
              "value": "3"
            },
            {
              "name": "PSWorkerInProcConcurrencyUpperBound",
              "value": "10"
            },
            {
              "name": "APPINSIGHTS_INSTRUMENTATIONKEY",
              "value": "[reference(resourceId('Microsoft.Insights/components', variables('FunctionAppInsightsName')), '2020-02-02-preview').InstrumentationKey]"
            },
            {
              "name": "APPLICATIONINSIGHTS_CONNECTION_STRING",
              "value": "[reference(resourceId('Microsoft.Insights/components', variables('FunctionAppInsightsName')), '2020-02-02-preview').ConnectionString]"
            },
            {
              "name": "FUNCTIONS_WORKER_RUNTIME",
              "value": "powershell"
            },
            {
              "name": "TenantID",
              "value": "[subscription().tenantId]"
            },
            {
              "name": "CustomerID",
              "value": "[format('@Microsoft.KeyVault(VaultName={0};SecretName=WorkSpaceID)', parameters('KeyVaultName'))]"
            },
            {
              "name": "SharedKey",
              "value": "[format('@Microsoft.KeyVault(VaultName={0};SecretName=SharedKey)', parameters('KeyVaultName'))]"
            }
          ]
        }
      },
      "tags": "[parameters('Tags')]",
      "dependsOn": [
        "[resourceId('Microsoft.Web/serverfarms', variables('FunctionAppServicePlanName'))]",
        "[resourceId('Microsoft.Insights/components', variables('FunctionAppInsightsName'))]",
        "[resourceId('Microsoft.Storage/storageAccounts', variables('StorageAccountName'))]"
      ]
    },
    {
      "type": "Microsoft.KeyVault/vaults",
      "apiVersion": "2019-09-01",
      "name": "[parameters('KeyVaultName')]",
      "location": "[resourceGroup().location]",
      "properties": {
        "enabledForDeployment": false,
        "enabledForTemplateDeployment": false,
        "enabledForDiskEncryption": false,
        "tenantId": "[subscription().tenantId]",
        "accessPolicies": [
          {
            "tenantId": "[reference(resourceId('Microsoft.Web/sites', parameters('FunctionAppName')), '2020-12-01', 'full').identity.tenantId]",
            "objectId": "[reference(resourceId('Microsoft.Web/sites', parameters('FunctionAppName')), '2020-12-01', 'full').identity.principalId]",
            "permissions": {
              "secrets": [
                "get",
                "list"
              ]
            }
          }
        ],
        "sku": {
          "name": "standard",
          "family": "A"
        }
      },
      "dependsOn": [
        "[resourceId('Microsoft.Web/sites', parameters('FunctionAppName'))]"
      ]
    },
    {
      "type": "Microsoft.Web/sites/extensions",
      "apiVersion": "2015-08-01",
      "name": "[format('{0}/{1}', parameters('FunctionAppName'), 'ZipDeploy')]",
      "properties": {
        "packageUri": "https://github.com/MSEndpointMgr/Intune/releases/download/v0.9/LogAnalyticsAPI.zip"
      },
      "dependsOn": [
        "[resourceId('Microsoft.Web/sites', parameters('FunctionAppName'))]"
      ]
    }
  ]
}