<key>PayloadUUID</key>
        <string>C4E6A782-0C8D-44AB-A025-EB893987A295</string>
        <key>PayloadType</key>
        <string>Configuration</string>
        <key>PayloadOrganization</key>
        <string>Microsoft</string>
        <key>PayloadIdentifier</key>
        <string>C4E6A782-0C8D-44AB-A025-EB893987A295</string>
        <key>PayloadDisplayName</key>
        <string>Microsoft Defender ATP settings</string>
        <key>PayloadDescription</key>
        <string>Microsoft Defender ATP configuration settings</string>
        <key>PayloadVersion</key>
        <integer>1</integer>
        <key>PayloadEnabled</key>
        <true/>
        <key>PayloadRemovalDisallowed</key>
        <true/>
        <key>PayloadScope</key>
        <string>System</string>
        <key>PayloadContent</key>
        <array>
            <dict>
                <key>PayloadUUID</key>
                <string>99DBC2BC-3B3A-46A2-A413-C8F9BB9A7295</string>
                <key>PayloadType</key>
                <string>com.microsoft.wdav</string>
                <key>PayloadOrganization</key>
                <string>Microsoft</string>
                <key>PayloadIdentifier</key>
                <string>99DBC2BC-3B3A-46A2-A413-C8F9BB9A7295</string>
                <key>PayloadDisplayName</key>
                <string>Microsoft Defender ATP configuration settings</string>
                <key>PayloadDescription</key>
                <string/>
                <key>PayloadVersion</key>
                <integer>1</integer>
                <key>PayloadEnabled</key>
                <true/>
                <key>antivirusEngine</key>
                <dict>
                    <key>enableRealTimeProtection</key>
                    <true/>
                    <key>passiveMode</key>
                    <false/>
                    <key>exclusions</key>
                    <array>
                        <dict>
                            <key>$type</key>
                            <string>excludedPath</string>
                            <key>isDirectory</key>
                            <false/>
                            <key>path</key>
                            <string>/var/log/system.log</string>
                        </dict>
                        <dict>
                            <key>$type</key>
                            <string>excludedPath</string>
                            <key>isDirectory</key>
                            <true/>
                            <key>path</key>
                            <string>/home</string>
                        </dict>
                    </array>
                    <key>exclusionsMergePolicy</key>
                    <string>admin_only</string>
                    <key>disallowedThreatActions</key>
                    <array>
                        <string>allow</string>
                        <string>restore</string>
                    </array>
                    <key>threatTypeSettings</key>
                    <array>
                        <dict>
                            <key>key</key>
                            <string>potentially_unwanted_application</string>
                            <key>value</key>
                            <string>block</string>
                        </dict>
                        <dict>
                            <key>key</key>
                            <string>archive_bomb</string>
                            <key>value</key>
                            <string>audit</string>
                        </dict>
                    </array>
                    <key>threatTypeSettingsMergePolicy</key>
                    <string>admin_only</string>
                </dict>
                <key>cloudService</key>
                <dict>
                    <key>enabled</key>
                    <true/>
                    <key>diagnosticLevel</key>
                    <string>requires</string>
                    <key>automaticSampleSubmission</key>
                    <true/>
                </dict>
                <key>edr</key>
                <dict>
                    <key>earlyPreview</key>
                    <true/>
                </dict>
                <key>userInterface</key>
                <dict>
                    <key>hideStatusMenuIcon</key>
                    <false/>
                </dict>
            </dict>
        </array>