<?xml version="1.0" encoding="utf-8" ?>
<AssignedAccessConfiguration xmlns="http://schemas.microsoft.com/AssignedAccess/2017/config" xmlns:v2="http://schemas.microsoft.com/AssignedAccess/201810/config" xmlns:v3="http://schemas.microsoft.com/AssignedAccess/2020/config">
    <Profiles>
        <Profile Id="{5B328104-BD89-4863-AB27-4ED6EE355485}">
            <AllAppsList>
                <AllowedApps>
                    <App AppUserModelId="Microsoft.Getstarted_8wekyb3d8bbwe!App" />
                    <App AppUserModelId="Microsoft.WindowsCalculator_8wekyb3d8bbwe!App" />
                    <App AppUserModelId="Microsoft.Windows.Photos_8wekyb3d8bbwe!App" />
                    <App AppUserModelId="windows.immersivecontrolpanel_cw5n1h2txyewy!microsoft.windows.immersivecontrolpanel" />
                    <App DesktopAppPath="%ProgramFiles(x86)%\Microsoft\Edge\Application\msedge.exe" />
                    <App DesktopAppPath="%SystemRoot%\system32\notepad.exe" />
                    <App DesktopAppPath="%ProgramFiles(x86)%\Microsoft Office\root\Office16\WINWORD.EXE" />
                    <App DesktopAppPath="%ProgramFiles(x86)%\Microsoft Office\root\Office16\EXCEL.EXE" />
                    <App DesktopAppPath="%ProgramFiles(x86)%\Microsoft Office\root\Office16\POWERPNT.EXE" />
                    <App DesktopAppPath="%SystemRoot%\explorer.exe" />
                    <App DesktopAppPath="%ProgramFiles%\Adobe\Acrobat DC\Acrobat\Acrobat.exe" />
                    <App DesktopAppPath="%ProgramFiles%\Adobe\Acrobat DC\Acrobat\AcroCef\AcroCef.exe" />
                    <App DesktopAppPath="%ProgramFiles%\Common Files\Adobe\ARM\1.0\AdobeARM.exe" />
                    <App DesktopAppPath="%SystemRoot%\System32\BackgroundTaskHost.exe" />
                </AllowedApps>
            </AllAppsList>
            <v2:FileExplorerNamespaceRestrictions>
                <v2:AllowedNamespace Name="Downloads"/>
				<v3:AllowRemovableDrives/>
            </v2:FileExplorerNamespaceRestrictions>
            <StartLayout>
                <![CDATA[<LayoutModificationTemplate
				xmlns:defaultlayout="http://schemas.microsoft.com/Start/2014/FullDefaultLayout"
				xmlns:start="http://schemas.microsoft.com/Start/2014/StartLayout" Version="1"
				xmlns="http://schemas.microsoft.com/Start/2014/LayoutModification">
					<LayoutOptions StartTileGroupCellWidth="6" />
					<DefaultLayoutOverride>
						<StartLayoutCollection>
                            <defaultlayout:StartLayout GroupCellWidth="6">
                                <start:Group Name="">
                                <start:DesktopApplicationTile Size="2x2" Column="4" Row="2" DesktopApplicationID="{6D809377-6AF0-444B-8957-A3773F02200E}\Adobe\Acrobat DC\Acrobat\Acrobat.exe" />
                                <start:DesktopApplicationTile Size="2x2" Column="4" Row="0" DesktopApplicationID="Microsoft.Windows.Explorer" />
                                <start:DesktopApplicationTile Size="2x2" Column="2" Row="0" DesktopApplicationID="Microsoft.Office.POWERPNT.EXE.15" />
                                <start:DesktopApplicationTile Size="2x2" Column="2" Row="2" DesktopApplicationID="Microsoft.Office.EXCEL.EXE.15" />
                                <start:DesktopApplicationTile Size="2x2" Column="0" Row="0" DesktopApplicationID="Microsoft.Office.WINWORD.EXE.15" />
                                <start:DesktopApplicationTile Size="2x2" Column="0" Row="2" DesktopApplicationID="MSEdge" />
                                </start:Group>
                                <start:Group Name="">
                                <start:Tile Size="4x2" Column="0" Row="0" AppUserModelID="Microsoft.Windows.Photos_8wekyb3d8bbwe!App" />
                                <start:Tile Size="2x2" Column="4" Row="0" AppUserModelID="windows.immersivecontrolpanel_cw5n1h2txyewy!microsoft.windows.immersivecontrolpanel" />
                                <start:DesktopApplicationTile Size="2x2" Column="2" Row="2" DesktopApplicationID="{1AC14E77-02E7-4E5D-B744-2EB1AE5198B7}\notepad.exe" />
                                <start:Tile Size="2x2" Column="0" Row="2" AppUserModelID="Microsoft.WindowsCalculator_8wekyb3d8bbwe!App" />
                                </start:Group>
                            </defaultlayout:StartLayout>
						</StartLayoutCollection>
					</DefaultLayoutOverride>
				</LayoutModificationTemplate>]]>
            </StartLayout>
            <Taskbar ShowTaskbar="true"/>
        </Profile>
    </Profiles>
    <Configs>
        <Config>
            <AutoLogonAccount/>
            <DefaultProfile Id="{5B328104-BD89-4863-AB27-4ED6EE355485}"/>
        </Config>
    </Configs>
</AssignedAccessConfiguration>